<?xml version="1.0" encoding="utf-8"?>
<extension version="3.1" type="plugin" group="system" method="upgrade">
  <name>plg_system_wbless</name>
  <author>David Hunt (webuddha.com)</author>
  <creationDate>March 2015</creationDate>
  <copyright>(c)2015 Webuddha.com, The Holodyn Corporation. All rights reserved.</copyright>
  <license>http://www.gnu.org/copyleft/gpl.html GNU/GPL</license>
  <authorEmail>webmaster@webuddha.com</authorEmail>
  <authorUrl>www.webuddha.com</authorUrl>
  <version>3.4.0</version>
  <description>Webuddha Less Autocompiler</description>
  <config>
    <fields name="params">
      <fieldset name="basic">
        <field name="watch_paths" type="textarea" default="templates/{$template}/" label="Watch Paths" size="5" description="Paths to watch for less file changes." />
        <field name="trigger_domains" type="textarea" default="" label="Trigger Domains" size="5" description="Only run for the following domains. One per-line." />
        <field name="compress" type="radio" default="0" label="Compress Output" description="Compress CSS output and remove comments.">
          <option value="0">No</option>
          <option value="1">Yes</option>
        </field>
        <!-- This should be a forced convention -->
        <field name="dependency_exclude" type="radio" default="0" label="Watch Minimum Dependency" description="Are wildcard rules considered when a specific dependency ruleset is defined in .lessrc files.">
          <option value="0">No</option>
          <option value="1">Yes</option>
        </field>
        <field name="trigger_event" type="list" default="onAfterDispatch" label="Trigger Event" description="Event that will trigger the CSS generation.">
          <option value="onAfterDispatch">onAfterDispatch</option>
          <option value="onBeforeExecute">onBeforeExecute</option>
          <option value="onAfterExecute">onAfterExecute</option>
        </field>
        <field name="trigger_scope" type="list" default="" label="Process Scope" description="Should the trigger be observed and less files processed on the Admin, Client or both areas.">
          <option value="all">All Requests</option>
          <option value="admin">Admin Area Requests</option>
          <option value="client">Client Area Requests</option>
        </field>
        <field name="monitor_class" type="text" default="\WebuddhaInc\LessMonitor" label="Monitor Class" size="5" description="Define a custom compiler class (must be available at runtime)." />
      </fieldset>
    </fields>
  </config>
  <files>
    <filename plugin="wbless">wbless.php</filename>
    <folder>language</folder>
    <folder>lessc</folder>
  </files>
  <languages folder="language">
    <language tag="en-GB">en-GB/en-GB.plg_system_wbless.ini</language>
    <language tag="en-GB">en-GB/en-GB.plg_system_wbless.sys.ini</language>
  </languages>
</extension>
